[
      {
        "id": 1,
        "question": "Який тип штучного інтелекту зображений на схемі?",
        "image": "images/ai_types.png",
        "options": [
            "Реактивний ШІ",
            "Обмежена пам'ять",
            "Теорія розуму",
            "Самосвідомий ШІ"
        ],
        "correct": 1,
        "explanation": "На зображенні показано ШІ з обмеженою пам'яттю, який використовує минулий досвід для прийняття рішень."
      },
      {
        "id": 2,
        "question": "Який із наведених прикладів є прикладом слабкого ШІ?",
        "options": [
            "Робот, який може самостійно навчатися і адаптуватися до нових ситуацій",
            "Голосовий помічник на кшталт Siri або Google Assistant",
            "ШІ, який володіє свідомістю",
            "Робот з людськими емоціями"
        ],
        "correct": 1,
        "explanation": "Слабкий ШІ спеціалізований на виконанні конкретних завдань і не володіє свідомістю."
      },
      {
        "id": 3,
        "question": "Що таке машинне навчання?",
        "options": [
            "Процес програмування комп'ютера конкретними інструкціями",
            "Підмножина ШІ, що дозволяє системам автоматично вчитися на основі даних",
            "Метод зберігання великих обсягів інформації",
            "Технологія створення віртуальної реальності"
        ],
        "correct": 1,
        "explanation": "Машинне навчання - це підхід до ШІ, де системи вчаться на даних без явного програмування."
      },
      {
        "id": 4,
        "question": "Який метод пошуку показаний на схемі?",
        "image": "images/search_method.png",
        "options": [
            "Пошук у глибину",
            "Пошук у ширину",
            "Двонаправлений пошук",
            "Евристичний пошук"
        ],
        "correct": 1,
        "explanation": "Схема ілюструє алгоритм пошуку в ширину з розгортанням вузлів по рівнях."
      },
      {
        "id": 5,
        "question": "Що таке глибинне навчання (deep learning)?",
        "options": [
            "Метод навчання, що використовує поверхневі нейронні мережі",
            "Підхід до машинного навчання, що імітує роботу людського мозку з багатьма шарами нейронів",
            "Спосіб зберігання даних у хмарних сервісах",
            "Технологія для створення 3D-графіки"
        ],
        "correct": 1,
        "explanation": "Глибинне навчання використовує багатошарові нейронні мережі для аналізу складних шаблонів у даних."
    },
    {
        "id": 6,
        "question": "Що таке нейронна мережа?",
        "options": [
            "Фізична мережа комп'ютерів",
            "Система, що імітує роботу нейронів у мозку для обробки інформації",
            "Соціальна мережа для вчених",
            "Тип бази даних"
        ],
        "correct": 1,
        "explanation": "Нейронні мережі - це обчислювальні системи, натхненні біологічними нейронними мережами."
    },
    {
        "id": 7,
        "question": "Який алгоритм часто використовується для класифікації в машинному навчанні?",
        "options": [
            "Лінійна регресія",
            "K-найближчих сусідів (KNN)",
            "Метод бульбашкового сортування",
            "Алгоритм Дейкстри"
        ],
        "correct": 1,
        "explanation": "KNN - простий, але ефективний алгоритм для задач класифікації."
    },
    {
        "id": 8,
        "question": "Що таке надлишкове навчання (overfitting)?",
        "options": [
            "Коли модель занадто добре працює на тренувальних даних, але погано на нових",
            "Коли модель навчається занадто повільно",
            "Коли модель ігнорує важливі ознаки",
            "Коли модель використовує занадто мало даних"
        ],
        "correct": 0,
        "explanation": "Overfitting відбувається, коли модель запам'ятовує тренувальні дані замість того, щоб навчитися узагальнювати."
    },
    {
        "id": 9,
        "question": "Що таке TensorFlow?",
        "options": [
            "Мова програмування для ШІ",
            "Бібліотека для машинного навчання від Google",
            "Тип нейронної мережі",
            "Апаратне забезпечення для ШІ"
        ],
        "correct": 1,
        "explanation": "TensorFlow - це популярна бібліотека з відкритим кодом для машинного навчання."
    },
    {
        "id": 10,
        "question": "Що таке комп'ютерний зір?",
        "options": [
            "Технологія для створення віртуальної реальності",
            "Галузь ШІ, що дозволяє комп'ютерам інтерпретувати зображення",
            "Метод візуалізації даних",
            "Тип дисплея з високою роздільною здатністю"
        ],
        "correct": 1,
        "explanation": "Комп'ютерний зір дозволяє машинам бачити та інтерпретувати візуальну інформацію."
    },
    {
        "id": 11,
        "question": "Що таке обробка природної мови (NLP)?",
        "options": [
            "Програмування на природній мові",
            "Галузь ШІ, що займається взаємодією комп'ютерів і людської мови",
            "Метод стиснення текстових даних",
            "Технологія перетворення тексту в код"
        ],
        "correct": 1,
        "explanation": "NLP дозволяє комп'ютерам розуміти, інтерпретувати та генерувати людську мову."
    },
    {
        "id": 12,
        "question": "Що таке reinforcement learning?",
        "options": [
            "Навчання через підкріплення, де система вчиться на основі винагороди",
            "Метод запам'ятовування даних",
            "Тип нейронної мережі",
            "Спосіб стиснення даних"
        ],
        "correct": 0,
        "explanation": "Reinforcement learning - це коли агент вчиться, отримуючи винагороду за правильні дії."
    },
    {
        "id": 13,
        "question": "Що таке GPT у назві ChatGPT?",
        "options": [
            "General Purpose Technology",
            "Generative Pre-trained Transformer",
            "Global Processing Tool",
            "Graphical Programming Technique"
        ],
        "correct": 1,
        "explanation": "GPT розшифровується як Generative Pre-trained Transformer - архітектура моделі, на якій побудований ChatGPT."
    },
    {
        "id": 14,
        "question": "Що таке етика ШІ?",
        "options": [
            "Вивчення того, як програмуються ШІ-системи",
            "Галузь, що вивчає моральні аспекти розробки та використання ШІ",
            "Метод покращення продуктивності ШІ",
            "Тип алгоритмів для ШІ"
        ],
        "correct": 1,
        "explanation": "Етика ШІ досліджує моральні наслідки, упередженість, конфіденційність та інші соціальні аспекти ШІ."
    },
    {
        "id": 15,
        "question": "Яка технологія дозволяє ШІ генерувати реалістичні зображення?",
        "options": [
            "Generative Adversarial Networks (GANs)",
            "Support Vector Machines (SVM)",
            "Random Forest",
            "Linear Regression"
        ],
        "correct": 0,
        "explanation": "GANs складаються з двох мереж - генератора і дискримінатора, які працюють разом для створення реалістичних зображень."
    },
    {
        "id": 16,
        "question": "Який алгоритм використовується для навчання з підкріпленням?",
        "options": [
            "Q-learning",
            "K-means",
            "Apriori",
            "PageRank"
        ],
        "correct": 0,
        "explanation": "Q-learning є популярним алгоритмом навчання з підкріпленням."
    },
    {
        "id": 17,
        "question": "Що таке функція активації в нейронних мережах?",
        "options": [
            "Функція, що визначає вихід нейрона",
            "Функція для сортування даних",
            "Функція стиснення зображень",
            "Функція шифрування даних"
        ],
        "correct": 0,
        "explanation": "Функція активації визначає, чи активується нейрон на основі вхідних даних."
    },
    {
        "id": 18,
        "question": "Яка техніка допомагає боротися з перенавчанням?",
        "options": [
            "Регуляризація",
            "Інтерполяція",
            "Екстраполяція",
            "Нормалізація"
        ],
        "correct": 0,
        "explanation": "Регуляризація додає штраф за складність моделі, запобігаючи перенавчанню."
    },
    {
        "id": 19,
        "question": "Що таке dropout у нейронних мережах?",
        "options": [
            "Техніка регуляризації",
            "Метод сортування даних",
            "Алгоритм стиснення",
            "Спосіб візуалізації"
        ],
        "correct": 0,
        "explanation": "Dropout - це техніка регуляризації, яка випадково ігнорує нейрони під час навчання."
    },
    {
        "id": 20,
        "question": "Яка метрика використовується для оцінки класифікації?",
        "options": [
            "Точність (accuracy)",
            "Середнє квадратичне відхилення",
            "Коефіцієнт кореляції",
            "Індекс Джині"
        ],
        "correct": 0,
        "explanation": "Точність - це частка правильних прогнозів серед усіх зроблених."
    },
    {
        "id": 21,
        "question": "Що таке згорткова нейронна мережа?",
        "options": [
            "Мережа для обробки зображень",
            "Мережа для обробки тексту",
            "Мережа для роботи з часовими рядами",
            "Мережа для стиснення даних"
        ],
        "correct": 0,
        "explanation": "Згорткові мережі спеціалізуються на обробці зображень за допомогою згорток."
    },
    {
        "id": 22,
        "question": "Який тип даних найкраще обробляє RNN?",
        "options": [
            "Часові ряди",
            "Зображення",
            "Текст без контексту",
            "Геопросторові дані"
        ],
        "correct": 0,
        "explanation": "Рекурентні нейронні мережі (RNN) спеціалізуються на послідовних даних, як часові ряди."
    },
    {
        "id": 23,
        "question": "Що таке трансформер у ШІ?",
        "options": [
            "Архітектура для обробки послідовностей",
            "Пристрій для перетворення зображень",
            "Алгоритм стиснення даних",
            "Метод візуалізації"
        ],
        "correct": 0,
        "explanation": "Трансформери - це архітектура, що використовує механізм уваги для обробки послідовностей."
    },
    {
        "id": 24,
        "question": "Яка головна перевага Batch Normalization?",
        "options": [
            "Прискорення навчання",
            "Зменшення обсягу даних",
            "Покращення якості зображень",
            "Збільшення швидкості інференсу"
        ],
        "correct": 0,
        "explanation": "Batch Normalization допомагає прискорити навчання та стабілізувати його."
    },
    {
        "id": 25,
        "question": "Що таке семантична сегментація?",
        "options": [
            "Класифікація кожного пікселя зображення",
            "Сортування даних за категоріями",
            "Групування схожих об'єктів",
            "Виділення ключових слів у тексті"
        ],
        "correct": 0,
        "explanation": "Семантична сегментація присвоює кожному пікселю зображення певний клас."
    },
    {
        "id": 26,
        "question": "Який алгоритм використовується для кластеризації?",
        "options": [
            "K-means",
            "Лінійна регресія",
            "Дерево рішень",
            "Метод опорних векторів"
        ],
        "correct": 0,
        "explanation": "K-means - популярний алгоритм для кластеризації даних."
    },
    {
        "id": 27,
        "question": "Що таке PCA в машинному навчанні?",
        "options": [
            "Метод зменшення розмірності",
            "Алгоритм класифікації",
            "Техніка аугментації даних",
            "Метод візуалізації"
        ],
        "correct": 0,
        "explanation": "Метод головних компонент (PCA) використовується для зменшення розмірності даних."
    },
    {
        "id": 28,
        "question": "Яка метрика використовується для регресії?",
        "options": [
            "Середньоквадратична помилка",
            "Точність",
            "F1-міра",
            "AUC-ROC"
        ],
        "correct": 0,
        "explanation": "MSE (середньоквадратична помилка) - основна метрика для задач регресії."
    },
    {
        "id": 29,
        "question": "Що таке кросс-валідація?",
        "options": [
            "Метод оцінки моделі",
            "Алгоритм навчання",
            "Техніка попередньої обробки",
            "Метод візуалізації"
        ],
        "correct": 0,
        "explanation": "Кросс-валідація допомагає оцінити якість моделі на різних підмножинах даних."
    },
    {
        "id": 30,
        "question": "Яка головна перевага Random Forest?",
        "options": [
            "Стійкість до перенавчання",
            "Швидкість інференсу",
            "Простота інтерпретації",
            "Можливість роботи з малими даними"
        ],
        "correct": 0,
        "explanation": "Random Forest менше схильний до перенавчання завдяки використанню багатьох дерев."
    },
    {
        "id": 31,
        "question": "Що таке SVM у машинному навчанні?",
        "options": [
            "Метод опорних векторів",
            "Система віртуальної пам'яті",
            "Мова програмування",
            "Технологія стиснення"
        ],
        "correct": 0,
        "explanation": "SVM (Support Vector Machine) - це потужний алгоритм для класифікації та регресії."
    },
    {
        "id": 32,
        "question": "Який тип згортки використовується в CNN?",
        "options": [
            "2D згортка",
            "1D згортка",
            "3D згортка",
            "Всі варіанти"
        ],
        "correct": 3,
        "explanation": "CNN можуть використовувати різні типи згорток залежно від задачі."
    },
    {
        "id": 33,
        "question": "Що таке LSTM?",
        "options": [
            "Тип рекурентної мережі",
            "Алгоритм стиснення",
            "Метод візуалізації",
            "Техніка аугментації"
        ],
        "correct": 0,
        "explanation": "LSTM - це спеціальний тип RNN, що ефективно працює з довгими залежностями."
    },
    {
        "id": 34,
        "question": "Яка головна перевага трансформерів перед RNN?",
        "options": [
            "Краща обробка довгих залежностей",
            "Менші вимоги до пам'яті",
            "Більш проста архітектура",
            "Швидший інференс"
        ],
        "correct": 0,
        "explanation": "Трансформери краще обробляють довгі залежності завдяки механізму уваги."
    },
    {
        "id": 35,
        "question": "Що таке BERT?",
        "options": [
            "Модель для обробки природної мови",
            "Алгоритм стиснення",
            "Техніка візуалізації",
            "Метод аугментації даних"
        ],
        "correct": 0,
        "explanation": "BERT - це потужна модель для обробки природної мови на основі трансформерів."
    },
    {
        "id": 36,
        "question": "Який алгоритм використовується для рекомендаційних систем?",
        "options": [
            "Колаборативна фільтрація",
            "Лінійна регресія",
            "K-means",
            "Дерево рішень"
        ],
        "correct": 0,
        "explanation": "Колаборативна фільтрація - популярний метод для побудови рекомендацій."
    },
    {
        "id": 37,
        "question": "Що таке GAN?",
        "options": [
            "Генеративно-змагальна мережа",
            "Глобальна аналітична мережа",
            "Графічна адаптивна мережа",
            "Генералізована автономна мережа"
        ],
        "correct": 0,
        "explanation": "GAN (Generative Adversarial Network) складається з генератора та дискримінатора."
    },
    {
        "id": 38,
        "question": "Яка головна перевага міграційного навчання?",
        "options": [
            "Можливість використовувати попередньо навчені моделі",
            "Швидкість інференсу",
            "Простота реалізації",
            "Менші вимоги до даних"
        ],
        "correct": 0,
        "explanation": "Міграційне навчання дозволяє використовувати знання з попередніх задач."
    },
    {
        "id": 39,
        "question": "Що таке YOLO у комп'ютерному зорі?",
        "options": [
            "Алгоритм детекції об'єктів",
            "Метод сегментації",
            "Техніка класифікації",
            "Підхід до відеоаналітики"
        ],
        "correct": 0,
        "explanation": "YOLO (You Only Look Once) - це швидкий алгоритм детекції об'єктів."
    },
    {
        "id": 40,
        "question": "Яка головна перевага графових нейронних мереж?",
        "options": [
            "Можливість роботи з даними графової структури",
            "Швидкість навчання",
            "Простота архітектури",
            "Менші вимоги до пам'яті"
        ],
        "correct": 0,
        "explanation": "GNN спеціалізуються на обробці даних, представлених у вигляді графів."
    },
    {
        "id": 41,
        "question": "Що таке attention mechanism?",
        "options": [
            "Механізм уваги в нейронних мережах",
            "Метод фокусування камери",
            "Техніка візуалізації",
            "Алгоритм стиснення"
        ],
        "correct": 0,
        "explanation": "Механізм уваги дозволяє моделі концентруватися на важливих частинах вхідних даних."
    },
    {
        "id": 42,
        "question": "Який алгоритм використовується для аналізу текстових емоцій?",
        "options": [
            "Sentiment analysis",
            "Topic modeling",
            "Named entity recognition",
            "Text summarization"
        ],
        "correct": 0,
        "explanation": "Sentiment analysis визначає емоційну забарвленість тексту."
    },
    {
        "id": 43,
        "question": "Що таке ResNet?",
        "options": [
            "Архітектура з залишковими зв'язками",
            "Мережа для обробки тексту",
            "Алгоритм стиснення",
            "Метод візуалізації"
        ],
        "correct": 0,
        "explanation": "ResNet використовує skip-connections для боротьби з проблемою зникаючого градієнта."
    },
    {
        "id": 44,
        "question": "Яка головна перевага U-Net?",
        "options": [
            "Ефективність у задачах сегментації",
            "Швидкість інференсу",
            "Простота архітектури",
            "Можливість роботи з текстом"
        ],
        "correct": 0,
        "explanation": "U-Net спеціально розроблена для задач сегментації зображень."
    },
    {
        "id": 45,
        "question": "Що таке AutoML?",
        "options": [
            "Автоматизація процесів машинного навчання",
            "Мова програмування",
            "Технологія стиснення",
            "Метод візуалізації"
        ],
        "correct": 0,
        "explanation": "AutoML автоматизує вибір моделей, налаштування гіперпараметрів та інші задачі ML."
    },
    {
        "id": 46,
        "question": "Який алгоритм використовується для стиснення моделей?",
        "options": [
            "Квантування",
            "Нормалізація",
            "Регуляризація",
            "Аугментація"
        ],
        "correct": 0,
        "explanation": "Квантування зменшує розмір моделі шляхом зменшення точності ваг."
    },
    {
        "id": 47,
        "question": "Що таке federated learning?",
        "options": [
            "Децентралізоване навчання",
            "Метод візуалізації",
            "Техніка аугментації",
            "Алгоритм стиснення"
        ],
        "correct": 0,
        "explanation": "Federated learning дозволяє навчати моделі на децентралізованих даних."
    },
    {
        "id": 48,
        "question": "Яка головна перевага ONNX?",
        "options": [
            "Сумісність між фреймворками",
            "Швидкість навчання",
            "Простота використання",
            "Менші вимоги до пам'яті"
        ],
        "correct": 0,
        "explanation": "ONNX дозволяє обмінюватися моделями між різними фреймворками."
    },
    {
        "id": 49,
        "question": "Що таке GPT?",
        "options": [
            "Генеративний попередньо навчений трансформер",
            "Глобальна платформа тестування",
            "Графічний процесорний трансформер",
            "Генералізований параметричний тест"
        ],
        "correct": 0,
        "explanation": "GPT (Generative Pre-trained Transformer) - це серія мовних моделей."
    },
    {
        "id": 50,
        "question": "Яка головна перевага трансферного навчання?",
        "options": [
            "Можливість використовувати знання з інших задач",
            "Швидкість інференсу",
            "Простота реалізації",
            "Менші вимоги до даних"
        ],
        "correct": 0,
        "explanation": "Трансферне навчання дозволяє використовувати попередньо навчені моделі."
    }
]