[
    {
        "id": 1,
        "question": "Який тип штучного інтелекту зображений на схемі?",
        "image": "images/ai_types.png",
        "options": [
            "Реактивний ШІ",
            "Обмежена пам'ять",
            "Теорія розуму",
            "Самосвідомий ШІ"
        ],
        "correct": 1,
        "explanation": "На зображенні показано ШІ з обмеженою пам'яттю, який використовує минулий досвід для прийняття рішень."
    },
    {
        "id": 2,
        "question": "Який із наведених прикладів є прикладом слабкого ШІ?",
        "options": [
            "Робот, який може самостійно навчатися і адаптуватися до нових ситуацій",
            "Голосовий помічник на кшталт Siri або Google Assistant",
            "ШІ, який володіє свідомістю",
            "Робот з людськими емоціями"
        ],
        "correct": 1,
        "explanation": "Слабкий ШІ спеціалізований на виконанні конкретних завдань і не володіє свідомістю."
    },
    {
        "id": 3,
        "question": "Що таке машинне навчання?",
        "options": [
            "Процес програмування комп'ютера конкретними інструкціями",
            "Підмножина ШІ, що дозволяє системам автоматично вчитися на основі даних",
            "Метод зберігання великих обсягів інформації",
            "Технологія створення віртуальної реальності"
        ],
        "correct": 1,
        "explanation": "Машинне навчання - це підхід до ШІ, де системи вчаться на даних без явного програмування."
    },
    {
        "id": 4,
        "question": "Який метод пошуку показаний на схемі?",
        "image": "images/search_method.png",
        "options": [
            "Пошук у глибину",
            "Пошук у ширину",
            "Двонаправлений пошук",
            "Евристичний пошук"
        ],
        "correct": 1,
        "explanation": "Схема ілюструє алгоритм пошуку в ширину з розгортанням вузлів по рівнях."
    },
    {
        "id": 5,
        "question": "Що таке глибинне навчання (deep learning)?",
        "options": [
            "Метод навчання, що використовує поверхневі нейронні мережі",
            "Підхід до машинного навчання, що імітує роботу людського мозку з багатьма шарами нейронів",
            "Спосіб зберігання даних у хмарних сервісах",
            "Технологія для створення 3D-графіки"
        ],
        "correct": 1,
        "explanation": "Глибинне навчання використовує багатошарові нейронні мережі для аналізу складних шаблонів у даних."
    },
    {
        "id": 6,
        "question": "Що таке нейронна мережа?",
        "options": [
            "Фізична мережа комп'ютерів",
            "Система, що імітує роботу нейронів у мозку для обробки інформації",
            "Соціальна мережа для вчених",
            "Тип бази даних"
        ],
        "correct": 1,
        "explanation": "Нейронні мережі - це обчислювальні системи, натхненні біологічними нейронними мережами."
    },
    {
        "id": 7,
        "question": "Який алгоритм часто використовується для класифікації в машинному навчанні?",
        "options": [
            "Лінійна регресія",
            "K-найближчих сусідів (KNN)",
            "Метод бульбашкового сортування",
            "Алгоритм Дейкстри"
        ],
        "correct": 1,
        "explanation": "KNN - простий, але ефективний алгоритм для задач класифікації."
    },
    {
        "id": 8,
        "question": "Що таке надлишкове навчання (overfitting)?",
        "options": [
            "Коли модель занадто добре працює на тренувальних даних, але погано на нових",
            "Коли модель навчається занадто повільно",
            "Коли модель ігнорує важливі ознаки",
            "Коли модель використовує занадто мало даних"
        ],
        "correct": 0,
        "explanation": "Overfitting відбувається, коли модель запам'ятовує тренувальні дані замість того, щоб навчитися узагальнювати."
    },
    {
        "id": 9,
        "question": "Що таке TensorFlow?",
        "options": [
            "Мова програмування для ШІ",
            "Бібліотека для машинного навчання від Google",
            "Тип нейронної мережі",
            "Апаратне забезпечення для ШІ"
        ],
        "correct": 1,
        "explanation": "TensorFlow - це популярна бібліотека з відкритим кодом для машинного навчання."
    },
    {
        "id": 10,
        "question": "Що таке комп'ютерний зір?",
        "options": [
            "Технологія для створення віртуальної реальності",
            "Галузь ШІ, що дозволяє комп'ютерам інтерпретувати зображення",
            "Метод візуалізації даних",
            "Тип дисплея з високою роздільною здатністю"
        ],
        "correct": 1,
        "explanation": "Комп'ютерний зір дозволяє машинам бачити та інтерпретувати візуальну інформацію."
    },
    {
        "id": 11,
        "question": "Що таке обробка природної мови (NLP)?",
        "options": [
            "Програмування на природній мові",
            "Галузь ШІ, що займається взаємодією комп'ютерів і людської мови",
            "Метод стиснення текстових даних",
            "Технологія перетворення тексту в код"
        ],
        "correct": 1,
        "explanation": "NLP дозволяє комп'ютерам розуміти, інтерпретувати та генерувати людську мову."
    },
    {
        "id": 12,
        "question": "Що таке reinforcement learning?",
        "options": [
            "Навчання через підкріплення, де система вчиться на основі винагороди",
            "Метод запам'ятовування даних",
            "Тип нейронної мережі",
            "Спосіб стиснення даних"
        ],
        "correct": 0,
        "explanation": "Reinforcement learning - це коли агент вчиться, отримуючи винагороду за правильні дії."
    },
    {
        "id": 13,
        "question": "Що таке GPT у назві ChatGPT?",
        "options": [
            "General Purpose Technology",
            "Generative Pre-trained Transformer",
            "Global Processing Tool",
            "Graphical Programming Technique"
        ],
        "correct": 1,
        "explanation": "GPT розшифровується як Generative Pre-trained Transformer - архітектура моделі, на якій побудований ChatGPT."
    },
    {
        "id": 14,
        "question": "Що таке етика ШІ?",
        "options": [
            "Вивчення того, як програмуються ШІ-системи",
            "Галузь, що вивчає моральні аспекти розробки та використання ШІ",
            "Метод покращення продуктивності ШІ",
            "Тип алгоритмів для ШІ"
        ],
        "correct": 1,
        "explanation": "Етика ШІ досліджує моральні наслідки, упередженість, конфіденційність та інші соціальні аспекти ШІ."
    },
    {
        "id": 15,
        "question": "Яка технологія дозволяє ШІ генерувати реалістичні зображення?",
        "options": [
            "Generative Adversarial Networks (GANs)",
            "Support Vector Machines (SVM)",
            "Random Forest",
            "Linear Regression"
        ],
        "correct": 0,
        "explanation": "GANs складаються з двох мереж - генератора і дискримінатора, які працюють разом для створення реалістичних зображень."
    },
    {
        "id": 16,
        "question": "Що таке експертна система?",
        "options": [
            "Система, що імітує процес прийняття рішень експертом у певній галузі",
            "Система для зберігання даних",
            "Операційна система",
            "Програма для обробки зображень"
        ],
        "correct": 0,
        "explanation": "Експертні системи використовують базу знань для імітації рішень експертів у вузькій галузі."
    },
    {
        "id": 17,
        "question": "Що таке обробка природної мови (NLP)?",
        "options": [
            "Процес перекладу тексту з однієї мови на іншу",
            "Галузь ШІ, що займається взаємодією комп’ютерів з людською мовою",
            "Створення мов програмування",
            "Аналіз числових даних"
        ],
        "correct": 1,
        "explanation": "NLP спрямований на автоматизацію роботи з текстами та мовою, включаючи розуміння та генерацію."
    },
    {
        "id": 18,
        "question": "Що таке навчання з підкріпленням?",
        "options": [
            "Навчання на основі прикладів з правильними відповідями",
            "Навчання, де агент отримує винагороду або покарання за дії",
            "Навчання без використання даних",
            "Навчання за допомогою правил"
        ],
        "correct": 1,
        "explanation": "Навчання з підкріпленням базується на взаємодії агента з середовищем, де він отримує зворотний зв'язок через винагороду."
    },
    {
        "id": 19,
        "question": "Що таке семантична мережа?",
        "options": [
            "Графічне представлення математичних функцій",
            "Мережа, що описує зв’язки між поняттями через вузли та ребра",
            "Архітектура нейронної мережі для обробки зображень",
            "Алгоритм стиснення даних"
        ],
        "correct": 1,
        "explanation": "Семантичні мережі візуалізують зв'язки між поняттями, що допомагає у представленні знань."
    },
    {
        "id": 20,
        "question": "Що таке фрейм у контексті подання знань?",
        "options": [
            "Правило, що описує логічний висновок",
            "Структура даних, що описує об’єкт через набір атрибутів і значень",
            "Граф, що з’єднує поняття",
            "Формула логіки першого порядку"
        ],
        "correct": 1,
        "explanation": "Фрейми використовуються для структурованого опису об'єктів з їх характеристиками."
    },
    {
        "id": 21,
        "question": "Що таке алгоритм?",
        "options": [
            "Послідовність кроків для розв’язання задачі",
            "Мова програмування",
            "Тип даних",
            "Операційна система"
        ],
        "correct": 0,
        "explanation": "Алгоритм - це чіткий набір інструкцій для вирішення конкретної задачі."
    },
    {
        "id": 22,
        "question": "Що таке інтервал довіри?",
        "options": [
            "Діапазон значень, у якому з певною впевненістю знаходиться параметр",
            "Середнє значення вибірки",
            "Максимальне значення вибірки",
            "Мінімальне значення вибірки"
        ],
        "correct": 0,
        "explanation": "Інтервал довіри вказує на ймовірність того, що параметр популяції знаходиться в заданому діапазоні."
    },
    {
        "id": 23,
        "question": "Що таке продукційне правило?",
        "options": [
            "Формула логіки",
            "Правило виду «Якщо умова, тоді дія»",
            "Вузол у семантичній мережі",
            "Атрибут фрейму"
        ],
        "correct": 1,
        "explanation": "Продукційні правила використовуються для представлення знань у вигляді умовних інструкцій."
    },
    {
        "id": 24,
        "question": "Який тип подання знань використовує предикати і квантори?",
        "options": [
            "Логічне подання",
            "Семантична мережа",
            "Фреймове подання",
            "Продукційна система"
        ],
        "correct": 0,
        "explanation": "Логічне подання базується на формальній логіці, включаючи предикати та квантори."
    },
    {
        "id": 25,
        "question": "Що таке RDF (Resource Description Framework)?",
        "options": [
            "Мова розмітки для семантичних мереж у Вебі",
            "Алгоритм сортування даних",
            "Мова програмування для нейромереж",
            "Протокол передачі файлів"
        ],
        "correct": 0,
        "explanation": "RDF використовується для представлення інформації у вигляді трійок (суб'єкт-предикат-об'єкт)."
    },
    {
        "id": 26,
        "question": "Який інструмент візуалізує семантичні мережі?",
        "options": [
            "TensorFlow",
            "Gephi",
            "Photoshop",
            "MySQL Workbench"
        ],
        "correct": 1,
        "explanation": "Gephi - це інструмент для візуалізації та аналізу графових даних, включаючи семантичні мережі."
    },
    {
        "id": 27,
        "question": "Що таке наслідування у фреймовому поданні?",
        "options": [
            "Процес копіювання правил",
            "Механізм успадкування атрибутів від батьківського фрейму",
            "Процес логічного виводу",
            "Процес створення нових правил"
        ],
        "correct": 1,
        "explanation": "Наслідування дозволяє фреймам успадковувати властивості від інших фреймів, спрощуючи організацію знань."
    },
    {
        "id": 28,
        "question": "Що таке агент у ШІ?",
        "options": [
            "Програма, що виконує певні дії в середовищі для досягнення мети",
            "Користувач комп’ютера",
            "Операційна система",
            "Тип даних"
        ],
        "correct": 0,
        "explanation": "Агенти ШІ автономно взаємодіють із середовищем, використовуючи сенсори та виконуючи дії."
    },
    {
        "id": 29,
        "question": "Що таке класифікація в машинному навчанні?",
        "options": [
            "Розподіл об’єктів на групи за певними ознаками",
            "Пошук найкоротшого шляху",
            "Оптимізація функції",
            "Зберігання даних"
        ],
        "correct": 0,
        "explanation": "Класифікація - це задача віднесення об'єктів до категорій на основі їхніх характеристик."
    },
    {
        "id": 30,
        "question": "Що таке перенавчання (overfitting)?",
        "options": [
            "Коли модель добре працює на тренувальних даних, але погано на нових",
            "Коли модель погано працює на тренувальних даних",
            "Коли модель ідеально підходить для всіх даних",
            "Коли модель не навчається"
        ],
        "correct": 0,
        "explanation": "Перенавчання виникає, коли модель «зазубрює» тренувальні дані, втрачаючи здатність до узагальнення."
    }
]