[
      {
        "id": 1,
        "question": "Який тип штучного інтелекту зображений на схемі?",
        "image": "images/ai_types.png",
        "options": [
            "Реактивний ШІ",
            "Обмежена пам'ять",
            "Теорія розуму",
            "Самосвідомий ШІ"
        ],
        "correct": 1,
        "explanation": "На зображенні показано ШІ з обмеженою пам'яттю, який використовує минулий досвід для прийняття рішень."
      },
      {
        "id": 2,
        "question": "Який із наведених прикладів є прикладом слабкого ШІ?",
        "options": [
            "Робот, який може самостійно навчатися і адаптуватися до нових ситуацій",
            "Голосовий помічник на кшталт Siri або Google Assistant",
            "ШІ, який володіє свідомістю",
            "Робот з людськими емоціями"
        ],
        "correct": 1,
        "explanation": "Слабкий ШІ спеціалізований на виконанні конкретних завдань і не володіє свідомістю."
      },
      {
        "id": 3,
        "question": "Що таке машинне навчання?",
        "options": [
            "Процес програмування комп'ютера конкретними інструкціями",
            "Підмножина ШІ, що дозволяє системам автоматично вчитися на основі даних",
            "Метод зберігання великих обсягів інформації",
            "Технологія створення віртуальної реальності"
        ],
        "correct": 1,
        "explanation": "Машинне навчання - це підхід до ШІ, де системи вчаться на даних без явного програмування."
      },
      {
        "id": 4,
        "question": "Який метод пошуку показаний на схемі?",
        "image": "images/search_method.png",
        "options": [
            "Пошук у глибину",
            "Пошук у ширину",
            "Двонаправлений пошук",
            "Евристичний пошук"
        ],
        "correct": 1,
        "explanation": "Схема ілюструє алгоритм пошуку в ширину з розгортанням вузлів по рівнях."
      },
      {
        "id": 5,
        "question": "Що таке глибинне навчання (deep learning)?",
        "options": [
            "Метод навчання, що використовує поверхневі нейронні мережі",
            "Підхід до машинного навчання, що імітує роботу людського мозку з багатьма шарами нейронів",
            "Спосіб зберігання даних у хмарних сервісах",
            "Технологія для створення 3D-графіки"
        ],
        "correct": 1,
        "explanation": "Глибинне навчання використовує багатошарові нейронні мережі для аналізу складних шаблонів у даних."
    },
    {
        "id": 6,
        "question": "Що таке нейронна мережа?",
        "options": [
            "Фізична мережа комп'ютерів",
            "Система, що імітує роботу нейронів у мозку для обробки інформації",
            "Соціальна мережа для вчених",
            "Тип бази даних"
        ],
        "correct": 1,
        "explanation": "Нейронні мережі - це обчислювальні системи, натхненні біологічними нейронними мережами."
    },
    {
        "id": 7,
        "question": "Який алгоритм часто використовується для класифікації в машинному навчанні?",
        "options": [
            "Лінійна регресія",
            "K-найближчих сусідів (KNN)",
            "Метод бульбашкового сортування",
            "Алгоритм Дейкстри"
        ],
        "correct": 1,
        "explanation": "KNN - простий, але ефективний алгоритм для задач класифікації."
    },
    {
        "id": 8,
        "question": "Що таке надлишкове навчання (overfitting)?",
        "options": [
            "Коли модель занадто добре працює на тренувальних даних, але погано на нових",
            "Коли модель навчається занадто повільно",
            "Коли модель ігнорує важливі ознаки",
            "Коли модель використовує занадто мало даних"
        ],
        "correct": 0,
        "explanation": "Overfitting відбувається, коли модель запам'ятовує тренувальні дані замість того, щоб навчитися узагальнювати."
    },
    {
        "id": 9,
        "question": "Що таке TensorFlow?",
        "options": [
            "Мова програмування для ШІ",
            "Бібліотека для машинного навчання від Google",
            "Тип нейронної мережі",
            "Апаратне забезпечення для ШІ"
        ],
        "correct": 1,
        "explanation": "TensorFlow - це популярна бібліотека з відкритим кодом для машинного навчання."
    },
    {
        "id": 10,
        "question": "Що таке комп'ютерний зір?",
        "options": [
            "Технологія для створення віртуальної реальності",
            "Галузь ШІ, що дозволяє комп'ютерам інтерпретувати зображення",
            "Метод візуалізації даних",
            "Тип дисплея з високою роздільною здатністю"
        ],
        "correct": 1,
        "explanation": "Комп'ютерний зір дозволяє машинам бачити та інтерпретувати візуальну інформацію."
    },
    {
        "id": 11,
        "question": "Що таке обробка природної мови (NLP)?",
        "options": [
            "Програмування на природній мові",
            "Галузь ШІ, що займається взаємодією комп'ютерів і людської мови",
            "Метод стиснення текстових даних",
            "Технологія перетворення тексту в код"
        ],
        "correct": 1,
        "explanation": "NLP дозволяє комп'ютерам розуміти, інтерпретувати та генерувати людську мову."
    },
    {
        "id": 12,
        "question": "Що таке reinforcement learning?",
        "options": [
            "Навчання через підкріплення, де система вчиться на основі винагороди",
            "Метод запам'ятовування даних",
            "Тип нейронної мережі",
            "Спосіб стиснення даних"
        ],
        "correct": 0,
        "explanation": "Reinforcement learning - це коли агент вчиться, отримуючи винагороду за правильні дії."
    },
    {
        "id": 13,
        "question": "Що таке GPT у назві ChatGPT?",
        "options": [
            "General Purpose Technology",
            "Generative Pre-trained Transformer",
            "Global Processing Tool",
            "Graphical Programming Technique"
        ],
        "correct": 1,
        "explanation": "GPT розшифровується як Generative Pre-trained Transformer - архітектура моделі, на якій побудований ChatGPT."
    },
    {
        "id": 14,
        "question": "Що таке етика ШІ?",
        "options": [
            "Вивчення того, як програмуються ШІ-системи",
            "Галузь, що вивчає моральні аспекти розробки та використання ШІ",
            "Метод покращення продуктивності ШІ",
            "Тип алгоритмів для ШІ"
        ],
        "correct": 1,
        "explanation": "Етика ШІ досліджує моральні наслідки, упередженість, конфіденційність та інші соціальні аспекти ШІ."
    },
    {
        "id": 15,
        "question": "Яка технологія дозволяє ШІ генерувати реалістичні зображення?",
        "options": [
            "Generative Adversarial Networks (GANs)",
            "Support Vector Machines (SVM)",
            "Random Forest",
            "Linear Regression"
        ],
        "correct": 0,
        "explanation": "GANs складаються з двох мереж - генератора і дискримінатора, які працюють разом для створення реалістичних зображень."
    }
]